student_id,stress_score,sleep_hours,study_hours,preparation_level,exam_type,anxiety_score,physical_activity_hours,caffeine_cups
S101,8.4,5.0,8.5,Low,Finals,8.1,0.5,4
S102,6.2,6.5,6.0,Medium,Midterm,5.8,1.5,2
S103,4.1,7.5,4.0,High,Quiz,3.9,2.0,1
S104,9.0,4.5,9.0,Low,Finals,9.2,0.0,5
S105,7.3,5.5,7.0,Medium,Finals,7.0,1.0,3
S106,3.5,8.0,3.5,High,Midterm,3.2,2.5,1
S107,5.0,7.0,5.0,Medium,Midterm,4.8,1.5,2
S108,8.8,4.0,10.0,Low,Finals,8.9,0.0,4
S109,6.7,6.0,6.5,Medium,Midterm,6.5,1.0,3
S110,4.5,7.5,4.5,High,Quiz,4.1,2.0,0
S111,7.9,5.0,8.0,Low,Finals,8.0,0.5,3
S112,5.5,6.5,5.5,Medium,Midterm,5.2,1.5,2
S113,3.0,8.5,3.0,High,Quiz,2.8,3.0,1
S114,8.6,4.5,9.5,Low,Finals,8.7,0.0,4
S115,6.9,5.5,7.0,Medium,Finals,6.8,1.0,3
S116,4.0,7.8,4.0,High,Midterm,3.7,2.0,1
S117,5.8,6.2,6.0,Medium,Midterm,5.5,1.2,2
S118,9.2,4.0,11.0,Low,Finals,9.5,0.0,5
S119,6.4,6.2,6.0,Medium,Midterm,6.1,1.5,2
S120,3.8,8.0,3.8,High,Quiz,3.5,2.5,0
S121,8.1,5.2,8.2,Low,Finals,8.3,0.5,4
S122,5.9,6.8,5.8,Medium,Midterm,5.4,1.8,2
S123,4.3,7.2,4.2,High,Quiz,4.0,2.2,1
S124,8.9,4.2,9.8,Low,Finals,9.0,0.0,5
S125,7.1,5.8,6.8,Medium,Finals,6.9,0.8,3
S126,3.2,8.2,3.2,High,Midterm,3.0,2.8,0
S127,5.3,6.8,5.2,Medium,Midterm,5.0,1.5,2
S128,8.5,4.8,9.0,Low,Finals,8.6,0.5,4
S129,6.8,6.0,6.7,Medium,Midterm,6.4,1.0,3
S130,4.8,7.4,4.6,High,Quiz,4.4,2.0,1
